{"meta": {"version": "7.3.1", "timestamp": "2023-09-28T12:56:21.439235", "branch_coverage": false, "show_contexts": false}, "files": {"src/verysimpletransformers/__about__.py": {"executed_lines": [1, 5], "summary": {"covered_lines": 1, "num_statements": 1, "percent_covered": 100.0, "percent_covered_display": "100", "missing_lines": 0, "excluded_lines": 0}, "missing_lines": [], "excluded_lines": []}, "src/verysimpletransformers/__init__.py": {"executed_lines": [1, 9, 10, 12], "summary": {"covered_lines": 3, "num_statements": 3, "percent_covered": 100.0, "percent_covered_display": "100", "missing_lines": 0, "excluded_lines": 0}, "missing_lines": [], "excluded_lines": []}, "src/verysimpletransformers/cli.py": {"executed_lines": [1, 2, 3, 4, 6, 7, 8, 9, 10, 12, 20, 21, 22, 24, 29, 32, 35, 60, 86, 98, 99, 102, 115, 125, 129, 130, 131, 138, 139, 140, 141, 142, 143, 144, 146, 148, 149, 150, 154, 161, 162, 164, 167, 168, 169, 170, 171, 172, 173, 174, 175, 178, 179, 180, 181, 182, 183, 184, 185, 186, 190, 194, 196, 197, 200, 201, 202, 203, 204, 207, 211, 213, 216, 223, 261, 262], "summary": {"covered_lines": 67, "num_statements": 73, "percent_covered": 91.78082191780823, "percent_covered_display": "92", "missing_lines": 6, "excluded_lines": 82}, "missing_lines": [44, 132, 134, 135, 136, 151], "excluded_lines": [24, 25, 27, 60, 61, 67, 68, 70, 71, 73, 74, 75, 78, 79, 80, 83, 86, 87, 90, 92, 93, 94, 95, 102, 103, 107, 109, 111, 112, 115, 118, 121, 122, 216, 217, 220, 223, 224, 227, 228, 229, 232, 234, 249, 250, 251, 252, 253, 254, 255, 256, 258, 262, 269, 272, 274, 275, 277, 279, 280, 281, 282, 284, 286, 288, 289, 291, 292, 294, 295, 297, 298, 300, 301, 303, 304, 306, 307, 309, 310, 312, 313]}, "src/verysimpletransformers/core.py": {"executed_lines": [1, 4, 6, 7, 8, 9, 10, 11, 12, 14, 15, 16, 17, 18, 20, 21, 29, 30, 39, 40, 42, 45, 47, 50, 62, 65, 67, 68, 69, 70, 71, 73, 75, 76, 78, 80, 81, 82, 84, 85, 87, 88, 91, 94, 100, 101, 105, 108, 109, 114, 116, 117, 120, 121, 123, 141, 142, 144, 147, 156, 157, 158, 159, 160, 161, 167, 168, 174, 187, 230, 247, 249, 250, 251, 252, 256, 258, 260, 261, 263, 265, 266, 267, 268, 273, 274, 275, 276, 277, 278, 282, 283, 284, 292, 305, 313, 315, 316, 318, 319, 322, 356, 357, 360], "summary": {"covered_lines": 101, "num_statements": 143, "percent_covered": 70.62937062937063, "percent_covered_display": "71", "missing_lines": 42, "excluded_lines": 17}, "missing_lines": [63, 102, 103, 110, 111, 176, 177, 184, 270, 271, 280, 285, 287, 296, 298, 299, 301, 302, 332, 333, 335, 337, 338, 340, 342, 343, 346, 348, 349, 350, 352, 353, 367, 368, 369, 370, 371, 372, 373, 374, 376, 378], "excluded_lines": [42, 43, 187, 189, 190, 197, 199, 200, 207, 209, 210, 217, 219, 220, 227, 288, 289]}, "src/verysimpletransformers/drive.py": {"executed_lines": [], "summary": {"covered_lines": 0, "num_statements": 22, "percent_covered": 0.0, "percent_covered_display": "0", "missing_lines": 22, "excluded_lines": 11}, "missing_lines": [6, 8, 9, 10, 11, 13, 14, 15, 16, 17, 23, 24, 49, 50, 52, 54, 56, 59, 64, 66, 67, 68], "excluded_lines": [27, 33, 36, 38, 39, 40, 41, 42, 43, 44, 46]}, "src/verysimpletransformers/exceptions.py": {"executed_lines": [1, 4, 5, 6, 8, 10, 13, 14, 19, 20, 24, 25, 27, 41], "summary": {"covered_lines": 11, "num_statements": 18, "percent_covered": 61.111111111111114, "percent_covered_display": "61", "missing_lines": 7, "excluded_lines": 0}, "missing_lines": [31, 32, 33, 35, 36, 38, 48], "excluded_lines": []}, "src/verysimpletransformers/metadata.py": {"executed_lines": [1, 5, 6, 7, 9, 10, 11, 12, 14, 15, 16, 19, 23, 24, 25, 27, 30, 34, 36, 38, 44, 51, 54, 58, 59, 60, 62, 65, 69, 72, 76, 79, 83, 86, 90, 93, 102, 103, 106, 108, 114, 115, 116, 118, 119, 120, 122, 124, 126, 127, 128, 129, 131], "summary": {"covered_lines": 51, "num_statements": 55, "percent_covered": 92.72727272727273, "percent_covered_display": "93", "missing_lines": 4, "excluded_lines": 2}, "missing_lines": [39, 43, 45, 49], "excluded_lines": [103, 104]}, "src/verysimpletransformers/metadata_schema.py": {"executed_lines": [1, 5, 7, 10, 11, 15, 16, 17, 19, 26, 27, 28, 32, 35, 36, 37, 46, 48, 49, 50, 52, 53, 54, 56, 58, 69, 70, 76, 77, 78, 79], "summary": {"covered_lines": 26, "num_statements": 32, "percent_covered": 81.25, "percent_covered_display": "81", "missing_lines": 6, "excluded_lines": 0}, "missing_lines": [23, 62, 63, 64, 65, 66], "excluded_lines": []}, "src/verysimpletransformers/serve.py": {"executed_lines": [1, 5, 7, 8, 9, 10, 12, 14, 18, 19, 23, 25, 32, 44, 65, 84, 111, 112, 125, 126, 133, 140], "summary": {"covered_lines": 15, "num_statements": 55, "percent_covered": 27.272727272727273, "percent_covered_display": "27", "missing_lines": 40, "excluded_lines": 17}, "missing_lines": [29, 30, 36, 42, 52, 53, 54, 60, 61, 62, 63, 69, 70, 74, 76, 77, 81, 82, 88, 89, 91, 92, 93, 95, 96, 97, 98, 99, 100, 101, 102, 103, 104, 105, 106, 108, 109, 119, 120, 122], "excluded_lines": [14, 15, 38, 40, 55, 57, 58, 125, 126, 133, 134, 137, 138, 140, 141, 144, 145]}, "src/verysimpletransformers/support.py": {"executed_lines": [1, 4, 6, 7, 8, 9, 10, 11, 13, 14, 15, 17, 20, 24, 25, 26, 29, 30, 34, 38, 39, 41, 45, 48, 50, 51, 55, 58, 59, 63, 69, 74, 81, 84, 85, 89, 95, 96, 102, 112, 121, 132], "summary": {"covered_lines": 25, "num_statements": 25, "percent_covered": 100.0, "percent_covered_display": "100", "missing_lines": 0, "excluded_lines": 37}, "missing_lines": [], "excluded_lines": [41, 42, 45, 46, 47, 48, 58, 59, 63, 64, 67, 69, 70, 74, 75, 78, 95, 96, 102, 103, 109, 110, 112, 113, 116, 117, 118, 119, 121, 122, 125, 126, 128, 129, 132, 133, 138]}, "src/verysimpletransformers/types.py": {"executed_lines": [1, 5, 7, 8, 9, 12, 13, 17, 40, 44, 77, 78, 79, 85, 87], "summary": {"covered_lines": 11, "num_statements": 12, "percent_covered": 91.66666666666667, "percent_covered_display": "92", "missing_lines": 1, "excluded_lines": 15}, "missing_lines": [41], "excluded_lines": [20, 26, 44, 45, 50, 51, 52, 53, 54, 55, 56, 57, 58, 60, 62]}, "src/verysimpletransformers/versioning.py": {"executed_lines": [1, 5, 6, 7, 9, 12, 13, 17, 20, 21, 26, 28, 31, 40, 41, 42, 43, 45, 48, 49, 50, 51, 54, 57, 61, 62], "summary": {"covered_lines": 23, "num_statements": 28, "percent_covered": 82.14285714285714, "percent_covered_display": "82", "missing_lines": 5, "excluded_lines": 0}, "missing_lines": [63, 64, 65, 66, 68], "excluded_lines": []}}, "totals": {"covered_lines": 334, "num_statements": 467, "percent_covered": 71.5203426124197, "percent_covered_display": "72", "missing_lines": 133, "excluded_lines": 181}}